{"cameraMode":{"drawMode":0,"name":"Shaded","section":"Shading Mode"},"sceneLighting":false,"audioPlay":false,"sceneViewState":{"m_AlwaysRefresh":true,"showFog":true,"showSkybox":false,"showFlares":true,"showImageEffects":true,"showParticleSystems":true,"showVisualEffectGraphs":true,"m_FxEnabled":true},"in2DMode":false,"pivot":{"x":0.09527195245027542,"y":0.1563751995563507,"z":0.30494654178619387},"rotation":{"x":-0.013539835810661316,"y":0.9744545817375183,"z":-0.21566706895828248,"w":-0.06117762625217438},"size":0.4643006920814514,"orthographic":false}