{"cameraMode":{"drawMode":0,"name":"Shaded","section":"Shading Mode"},"sceneLighting":true,"audioPlay":false,"sceneViewState":{"m_AlwaysRefresh":true,"showFog":true,"showSkybox":true,"showFlares":true,"showImageEffects":true,"showParticleSystems":true,"showVisualEffectGraphs":true,"m_FxEnabled":true},"in2DMode":false,"pivot":{"x":15.328301429748536,"y":-29.117881774902345,"z":-30.629369735717775},"rotation":{"x":-0.08948477357625961,"y":-0.9064372777938843,"z":0.33375680446624758,"w":-0.24296005070209504},"size":31.09755516052246,"orthographic":false}