{"cameraMode":{"drawMode":0,"name":"Shaded","section":"Shading Mode"},"sceneLighting":true,"audioPlay":false,"sceneViewState":{"m_AlwaysRefresh":false,"showFog":true,"showSkybox":false,"showFlares":true,"showImageEffects":true,"showParticleSystems":true,"showVisualEffectGraphs":true,"m_FxEnabled":true},"in2DMode":false,"pivot":{"x":-0.07662039995193482,"y":1.624766230583191,"z":0.5889849662780762},"rotation":{"x":-0.009405146352946759,"y":0.9838621616363525,"z":-0.17021356523036958,"w":-0.05436353385448456},"size":1.2247449159622193,"orthographic":false}